﻿{
	"indexingMode": "consistent",
	"automatic": true,
	"includedPaths": [
		{
			"path": "/*",
			"indexes": [
				{
					"kind": "Range",
					"dataType": "Number",
					"precision": -1
				},
				{
					"kind": "Hash",
					"dataType": "String",
					"precision": 3
				},
				{
					"kind": "Spatial",
					"dataType": "Point"
				}
			]
		},
		{
			"path": "/_ts/?",
			"indexes": [
				{
					"kind": "Range",
					"dataType": "Number",
					"precision": -1
				},
				{
					"kind": "Hash",
					"dataType": "String",
					"precision": 3
				}
			]
		}
	],
	"excludedPaths": []
}